Long,Lat,Value,Name
-5,-5,7.709303928,name1
-5,-4,6.957727044,name2
-5,-3,7.18541533,name3
-5,-2,6.115090146,name4
-5,-1,6.046289268,name5
-5,0,5.637404384,name6
-5,1,6.008410406,name7
-5,2,5.353310108,name8
-5,3,6.459703584,name9
-5,4,6.875120032,name10
-5,5,7.661682765,name11
-4,-5,7.324182063,name12
-4,-4,6.548564612,name13
-4,-3,6.583319338,name14
-4,-2,5.315694916,name15
-4,-1,5.059058537,name16
-4,0,4.607671132,name17
-4,1,5.000821535,name18
-4,2,5.106056447,name19
-4,3,6.009089707,name20
-4,4,6.940797963,name21
-4,5,7.552761169,name22
-3,-5,6.591656746,name23
-3,-4,5.510837132,name24
-3,-3,5.625356914,name25
-3,-2,5.077630122,name26
-3,-1,4.187355508,name27
-3,0,3.802019679,name28
-3,1,4.411550533,name29
-3,2,4.469075845,name30
-3,3,5.119488603,name31
-3,4,6.265913213,name32
-3,5,6.357833404,name33
-2,-5,5.760454983,name34
-2,-4,5.587237875,name35
-2,-3,4.697832245,name36
-2,-2,3.846639366,name37
-2,-1,3.3164332,name38
-2,0,3.162336089,name39
-2,1,3.393089728,name40
-2,2,3.719590766,name41
-2,3,4.792069671,name42
-2,4,5.519537614,name43
-2,5,6.223766176,name44
-1,-5,5.735119748,name45
-1,-4,5.288830648,name46
-1,-3,4.088683888,name47
-1,-2,3.243581242,name48
-1,-1,2.318496332,name49
-1,0,1.844948553,name50
-1,1,2.434925868,name51
-1,2,3.226013656,name52
-1,3,4.411812008,name53
-1,4,5.328466357,name54
-1,5,6.420225773,name55
0,-5,5.775336974,name56
0,-4,4.765918376,name57
0,-3,3.746182645,name58
0,-2,3.074697093,name59
0,-1,2.278908113,name60
0,0,1.036378602,name61
0,1,1.92269359,name62
0,2,3.125495063,name63
0,3,3.774333938,name64
0,4,4.643882477,name65
0,5,6.215232695,name66
1,-5,5.861796466,name67
1,-4,5.204047078,name68
1,-3,4.454997149,name69
1,-2,3.300971307,name70
1,-1,2.526433486,name71
1,0,1.83941978,name72
1,1,2.494068051,name73
1,2,3.582084911,name74
1,3,4.274896285,name75
1,4,4.728401798,name76
1,5,6.03707092,name77
2,-5,6.22554679,name78
2,-4,5.576933901,name79
2,-3,4.700433779,name80
2,-2,3.906047059,name81
2,-1,3.177207016,name82
2,0,2.910109194,name83
2,1,3.140670475,name84
2,2,3.991813069,name85
2,3,4.178845091,name86
2,4,5.415416401,name87
2,5,6.471485276,name88
3,-5,6.607999526,name89
3,-4,6.143168186,name90
3,-3,5.223945522,name91
3,-2,4.389481541,name92
3,-1,4.195859652,name93
3,0,3.946363424,name94
3,1,4.076977472,name95
3,2,4.441749615,name96
3,3,5.258747517,name97
3,4,5.446161229,name98
3,5,6.694902176,name99
4,-5,7.201926524,name100
4,-4,6.353335478,name101
4,-3,6.195809577,name102
4,-2,5.271234347,name103
4,-1,5.261591647,name104
4,0,5.243960221,name105
4,1,5.08292244,name106
4,2,5.548143738,name107
4,3,6.191855191,name108
4,4,6.629901307,name109
4,5,7.603330681,name110
5,-5,7.561555488,name111
5,-4,7.81415452,name112
5,-3,6.492969142,name113
5,-2,5.801293865,name114
5,-1,6.521223685,name115
5,0,5.981181962,name116
5,1,6.235918447,name117
5,2,6.269191546,name118
5,3,6.482374092,name119
5,4,6.265638441,name120
5,5,8.323804825,name121
2.081472369,2.090579194,4.137918617,name122
2.012698682,2.091337586,3.818229289,name123
2.063235925,2.00975404,4.00619092,name124
2.027849822,2.054688152,3.816874487,name125
2.095750684,2.096488854,4.104280205,name126
2.015761308,2.097059278,4.185482956,name127
2.095716695,2.048537565,3.615283094,name128
2.080028047,2.014188634,4.095813565,name129
2.042176128,2.091573553,4.209206893,name130
2.079220733,2.095949243,3.96169578,name131
2.06557407,2.003571168,4.216223177,name132
2.084912931,2.093399325,3.985243168,name133
2.067873515,2.075774013,3.686912166,name134
2.074313247,2.039222702,3.480116828,name135
2.065547789,2.017118669,3.822285169,name136
2.070604609,2.003183285,4.019460511,name137
2.027692298,2.004617139,3.912441971,name138
2.009713178,2.082345783,3.974507903,name139
2.069482862,2.031709948,3.787569548,name140
2.095022205,2.003444608,3.926848587,name141
2.043874436,2.038155846,3.568005805,name142
2.076551679,2.07951999,3.789095571,name143
2.01868726,2.04897644,3.7176558,name144
2.04455862,2.064631301,4.00716522,name145
2.070936483,2.075468668,3.929169117,name146
2.027602508,2.067970268,3.671042282,name147
2.0655098,2.016261174,3.884607103,name148
2.011899768,2.049836405,3.738652022,name149
2.095974396,2.034038573,3.789992559,name150
2.058526775,2.022381194,4.053644355,name151
2.075126706,2.025509512,3.921915584,name152
2.050595705,2.069907672,3.991620874,name153
2.089090325,2.095929143,4.13425291,name154
2.054721553,2.013862444,3.912011975,name155
2.014929401,2.025750825,3.96344051,name156
2.084071726,2.025428218,4.03953922,name157
2.081428483,2.024352497,4.131979982,name158
2.092926362,2.034998377,4.01241992,name159
2.019659525,2.025108386,4.132652353,name160
2.061604468,2.047328885,3.909887013,name161
2.035165951,2.083082863,3.902874943,name162
2.058526409,2.054972361,4.241182934,name163
2.091719366,2.028583902,3.814089985,name164
2.075720023,2.075372909,3.934704221,name165
2.038044585,2.056782164,4.07467765,name166
2.007585429,2.005395012,3.866351451,name167
2.053079755,2.077916723,4.196553236,name168
2.093401068,2.012990621,4.106085647,name169
2.056882366,2.046939064,3.958731634,name170
2.001190207,2.033712264,3.703368192,name171
2.016218231,2.079428454,4.006808294,name172
2.031121504,2.052853314,3.619076184,name173
2.016564873,2.060198194,3.930335109,name174
2.026297128,2.06540791,4.050783515,name175
2.06892145,2.074815159,3.97193063,name176
2.04505416,2.008382138,4.036385684,name177
2.022897697,2.091333736,4.308163265,name178
2.015237802,2.082581698,4.078061064,name179
2.053834244,2.099613472,3.989653594,name180
2.007817553,2.044267827,3.989386025,name181
2.010665277,2.096189808,3.987682521,name182
2.000463422,2.077491046,3.628740132,name183
2.081730322,2.086869471,3.865455188,name184
2.008443585,2.039978265,4.099286739,name185
2.02598704,2.080006848,3.895120557,name186
2.043141383,2.091064759,4.037779114,name187
2.018184703,2.026380292,3.665693449,name188
2.014553898,2.013606856,3.860753981,name189
2.086929221,2.057970459,4.04894433,name190
2.05498602,2.01449548,3.613723044,name191
2.085303112,2.062205513,4.001127166,name192
2.035095238,2.051324954,3.854193729,name193
2.040180803,2.007596669,3.680865208,name194
2.023991615,2.012331893,3.846890755,name195
2.018390779,2.023995253,3.492566134,name196
2.041726707,2.004965443,3.450695866,name197
2.090271611,2.094478719,3.726090925,name198
2.049086409,2.048925264,3.704690397,name199
2.033771941,2.090005385,3.68652926,name200
2.036924678,2.011120276,3.529238558,name201
2.078025207,2.038973884,3.967656101,name202
2.024169129,2.040391215,3.565299629,name203
2.009645453,2.013197329,3.865767781,name204
2.094205059,2.095613454,4.118592709,name205
2.05752086,2.005977954,3.873127427,name206
2.023477991,2.035315857,3.888029465,name207
2.082119404,2.001540344,3.814629107,name208
2.00430238,2.016899003,3.558504424,name209
2.064911547,2.073172239,3.917471188,name210
2.064774596,2.045092371,4.093804407,name211
2.054700889,2.029632081,4.226038657,name212
2.074469281,2.018895502,3.810936253,name213
2.068677543,2.018351116,3.573655464,name214
2.03684846,2.062561856,3.931205452,name215
2.078022744,2.008112577,3.962935994,name216
2.092938597,2.077571268,3.904204278,name217
2.048679163,2.043585859,3.669996289,name218
2.044678375,2.030634947,4.274591266,name219
2.050850866,2.051077156,3.440334919,name220
2.081762771,2.079483142,3.841918791,name221
