Long,Lat,v1_sp_75_555_111_1021_0__real3,Name
-0.13,-2.28,-1.153175116,name339
0.04,-2.12,-1.302037477,name488
0,-1.88,-0.491564065,name398
-0.26,-2.16,-1.089934707,name709
0.04,-1.55,-0.957275867,name696
-0.22,-1.87,-0.731262565,name865
-0.27,-1.53,-0.271045327,name879
-0.66,-2.49,-0.878642261,name237
-0.91,-2.71,0.705543041,name298
-1.19,-3.09,1.20531702,name944
-0.96,-3.54,0.069896474,name748
-1.24,-3.3,0.689809918,name499
-0.61,-3.13,-0.11375048,name103
-0.39,-3.48,0.489152193,name731
-0.59,-3.77,-1.346446633,name59
-0.24,-3.09,-0.068549238,name632
-0.09,-3.25,1.039888024,name28
0.04,-2.91,0.262431473,name541
0.32,-2.49,-0.576669216,name483
0.49,-1.84,1.174212694,name187
0.35,-1.05,-1.111618996,name651
0.04,-0.83,0.47036916,name536
0.64,-1,-0.452721536,name409
0.56,-1.37,-0.950103879,name584
0.65,-1.59,1.209254265,name767
0.98,-1.4,-0.003615558,name804
0.93,-1.22,0.366864711,name862
0.56,-2.35,1.252412081,name842
0.82,-2.13,1.423732042,name11
0.76,-2.34,1.283791423,name69
0.45,-2.82,-0.445315182,name256
0.28,-3.16,1.27520895,name687
-0.22,-3.76,0.110339254,name592
0.46,-3.29,-0.668455243,name87
0.76,-2.83,-0.090467267,name302
0.8,-2.57,0.373840898,name476
1.15,-2.33,-0.801696777,name202
0.89,-3.26,-0.377572566,name147
0.44,-3.75,-0.14097634,name48
-2.82,-3.27,-0.957675278,name41
1.66,-4.56,-1.262913466,name42
-0.05,-1.04,-1.113321424,name43
0.24,-3.45,-0.963230252,name44
-2.92,1.73,-0.284631222,name45
2.89,-3.2,-1.002266288,name46
4.13,3.71,0.512837887,name47
1.68,2.68,-0.741047263,name48
-4.08,-0.32,0.235484019,name49
3.55,-0.8,-0.58517307,name50
-4.71,4.14,-1.596356034,name51
-2.92,-1.96,-0.888810456,name52
-1.88,-0.3,-0.426082164,name53
2.93,3.44,-0.737288058,name54
-0.91,-3.18,1.013202906,name55
1.23,-1.21,0.026109878,name56
2.65,-4.32,-1.179628491,name57
-1.78,3.74,-0.299739242,name58
-1.08,-4.06,-1.175065517,name59
0.66,0.21,1.679249525,name60
0.06,0.22,-1.05036819,name61
-4.88,0.38,-1.455524683,name62
1.13,-0.01,-0.17944999,name63
2,0.52,-0.392524719,name64
4.36,-3.08,-0.270087004,name65
1.25,-0.88,0.942213237,name66
3.76,-2.94,-0.633866847,name67
1.51,-3.21,-0.217093945,name68
2.62,1.65,0.697695673,name69
3.11,1.04,-0.738743186,name70
-0.56,-4.66,-0.783250988,name71
1.95,4.84,-1.065418482,name72
4.46,-2.58,-0.64322865,name73
3.93,-2.36,-0.494537055,name74
-2.66,2.89,-1.129222631,name75
-4.42,-4.64,-0.705485344,name76
-4.89,-4.12,-1.776093006,name77
3.98,-4.38,-2.56124711,name78
-3.06,-2.32,-0.15944232,name79
-0.57,-2.95,0.314483464,name80
-2.6,-1.76,-0.393571943,name81
1.51,-4.77,-1.366881132,name82
-2.46,-2.87,1.765079975,name83
0.28,4.66,-0.455330342,name84
-4.65,-3.86,-1.045595765,name85
-0.44,-2.61,-1.053586125,name86
4.28,-2.78,-0.660072207,name87
0,1.52,2.073593378,name88
1.4,4.43,0.574540675,name89
-2.55,3.79,-0.467087597,name90
4.52,-3.75,-0.976458371,name91
0.37,-4.31,-2.193270683,name92
-4.92,-4.6,-1.505461693,name93
4.08,2.49,-0.404456228,name94
-4.86,4.56,-0.777746558,name95
-2.92,-0.98,-2.579626799,name96
-3.91,2.01,0.700187743,name97
4.12,0.14,-1.09145093,name98
2.46,0.1,0.205378711,name99
-4.43,-4.07,-1.564151883,name100
-1.19,1.02,0.554633915,name101
-2.16,3.95,-0.289102823,name102
-1.02,-4.44,-0.74091512,name103
-3.09,-3.12,-1.400200129,name104
1.5,-4.36,-1.048041224,name105
-2.77,-3.47,-2.722396374,name106
4.68,-1.17,-0.496253848,name107
0.76,-4.64,-3.026473045,name108
-3.59,-4.21,-0.486377269,name109
4.4,3.18,-1.363472104,name110
-2.3,-3.18,-0.485619426,name111
1.36,3.48,0.42835924,name112
1.27,-2.65,-0.698274791,name113
-4.92,-2.46,0.285573751,name114
2.2,3.41,-1.231384397,name115
1.47,-2.55,-1.433059573,name116
4.68,-2.92,-0.713282943,name117
-4.57,2.75,-0.638264716,name118
-3.1,-1.99,-0.728675067,name119
4.46,2.81,-2.37511158,name120
3.91,3.95,0.559671044,name121
-1.98,-3.13,0.267626822,name122
3.94,3.36,0.05349103,name123
-2.38,3.69,1.180116773,name124
2.99,2.34,-1.818523884,name125
4.13,-0.85,-1.000604749,name126
-2.81,-0.29,-0.898374259,name127
1.51,1.41,-1.991205573,name128
-0.81,2.56,-0.377744585,name129
0.61,4.08,-0.251657456,name130
-4,-2.25,0.197963357,name131
1.96,-1.35,-1.803955078,name132
3.12,2.74,-1.467549562,name133
4.45,-4.53,-0.445528716,name134
1.21,0.49,-1.611516476,name135
1.76,4.04,0.227836534,name136
-4.75,2.07,-0.58330673,name137
4.83,4.86,0.734269738,name138
1.11,-1.07,-0.29618305,name139
-3.22,0.63,-1.744505405,name140
-4.65,-2.1,-0.632392883,name141
-3.26,-2.6,0.685886025,name142
-2.49,2.16,-2.365648031,name143
0.96,0.17,1.123349786,name144
1.2,-4.75,-2.242322922,name145
-2.91,-2.8,-0.18428804,name146
-0.47,-2.32,-0.746469438,name147
-2.44,3.06,-0.662791967,name148
3.25,-4.37,-1.982138753,name149
-1.74,-3.05,0.441031635,name150
0.81,-0.7,-0.495316356,name151
2.5,1.41,1.539116979,name152
-0.07,-4.75,-0.688215792,name153
1.44,0.7,-1.869664073,name154
1.26,-1.73,-0.491532624,name155
-3.12,4.84,-0.390008807,name156
4.57,1.89,-0.183683172,name157
3.98,-2.75,-0.724356294,name158
-3.91,-1.78,-0.278311431,name159
-0.71,-1.41,0.216679975,name160
1.79,3.29,-0.62010479,name161
-4.2,-1.99,-0.38180086,name162
-4.28,0.97,-0.235313714,name163
3.81,0.17,0.222608507,name164
-2.32,0.38,-0.228525445,name165
0.1,-1.37,-0.652807415,name166
-4.72,0.09,-1.239637852,name167
2.82,0.16,0.157200694,name168
-2.65,1.91,-1.030497909,name169
2.94,4.88,0.150154337,name170
-2.26,2.35,-2.708734274,name171
1.87,2.08,0.801069558,name172
0.22,1.26,0.632619858,name173
-2.59,-0.55,-1.283553839,name174
-2.33,-0.72,0.844860911,name175
-0.07,-0.12,-0.661310673,name176
3.39,-0.53,-1.352065921,name177
-4.51,1.2,-0.620931745,name178
0.44,3.64,1.801600456,name179
3.95,1.63,-0.24016811,name180
2.81,1.64,-0.290226758,name181
-0.23,1.29,1.59176147,name182
1.93,-4.15,-1.483474493,name183
-4.25,-0.05,-1.037918687,name184
-1.18,-1,-0.710001528,name185
-4.23,4.06,-0.215823844,name186
-4.55,3.02,-0.871419072,name187
1.74,-3.69,-2.295210361,name188
-4.83,-4.97,-1.239476562,name189
4.85,4.47,2.056123018,name190
-1.39,0.78,-0.873946488,name191
-3.34,1.05,-2.553477287,name192
0.56,2.87,0.861456752,name193
-4.94,3.64,-1.749431491,name194
4.27,0.37,0.080574125,name195
0.22,-3.66,-0.375811636,name196
1.43,-3.55,-0.415513963,name197
2.42,-0.3,0.901191831,name198
-0.91,2.26,-0.517947316,name199
-4.16,2.44,-0.499415606,name200
-3.79,-1.53,0.027850991,name201
-1.91,-4.42,-1.010539532,name202
-4.09,-0.83,0.620400071,name203
1.39,1.28,-2.957772017,name204
2.76,-1.22,-1.275703788,name205
3.76,-1.7,0.665868104,name206
-0.49,1.25,0.598806143,name207
-1.93,-1.68,-0.41490373,name208
-1.15,2.9,-1.089286089,name209
-1.6,3.48,-1.860998034,name210
-2,2.25,-1.771499634,name211
4.99,-0.44,-0.520101309,name212
2.31,-0.05,0.479304165,name213
3.91,-3.22,0.490590245,name214
-0.15,3.19,0.845977962,name215
-0.91,2.96,-0.697012067,name216
-1.62,-1.76,-0.877625585,name217
0.67,-2.03,1.210802197,name218
-1.47,2.57,1.024649978,name219
-4.41,1.38,-0.008546066,name220
2.79,4.25,-0.502669096,name221
2.41,4.83,-1.366760254,name222
1.44,1.76,-1.672957659,name223
-4.33,-0.26,-0.955000103,name224
3.54,-3.9,-2.614894867,name225
-1.12,4.72,-0.401692808,name226
0.39,-4.6,-1.827464342,name227
-3.72,2.11,0.59372282,name228
0.29,-0.05,-0.060515057,name229
0.55,2.52,-0.721994698,name230
3.19,-1.45,-0.95086664,name231
1.84,0.01,1.25718832,name232
1.1,1.56,-2.488076687,name233
-3.97,2.59,-0.267316252,name234
1.88,2.92,-1.382778645,name235
-1.33,-4.84,0.063909322,name236
-1.72,1.28,-0.149731889,name237
3.39,3.32,0.561851144,name238
-4.17,-3.36,0.583096206,name239
-4.37,3.09,0.249304518,name240
4.18,1.3,-1.138044,name241
-1.44,2.24,-0.851113439,name242
4.03,-2.58,-1.40496552,name243
-2.88,1.95,-0.836503386,name244
-4.02,1.08,-0.076555409,name245
2.55,-4.88,-2.042736053,name246
0,4.77,0.743736386,name247
-2.93,4.14,-1.45691824,name248
-0.57,-0.2,-1.710774779,name249
-3.71,1.1,-0.485082895,name250
4.3,-1.99,0.084932052,name251
-2.09,2.63,-3.157337189,name252
1,-1.68,0.813857496,name253
0.1,-2.57,-1.504929423,name254
4.95,-1.18,-0.43566817,name255
-4.65,-4.41,-0.890125751,name256
1.08,0.92,-1.817871213,name257
-4.26,-2.29,0.189502195,name258
4.47,-3.58,-0.443848431,name259
-1.57,4.2,-0.015026622,name260
-3.37,4.25,-1.32388401,name261
-0.99,-1.74,-0.922752917,name262
-4.07,4.32,0.667626977,name263
3.16,-0.8,0.041128378,name264
0.73,0.89,-0.367695659,name265
0.19,-2.81,0.840910137,name266
-3.31,4.83,-0.258114427,name267
3.63,-2.58,-1.70413816,name268
-1.94,-4.6,-1.424883366,name269
-0.7,0.77,-0.450169504,name270
0.37,2.01,-0.021265566,name271
2.15,0.3,0.290202916,name272
-2.52,-0.1,-1.148272157,name273
1.86,-2.61,-0.766652346,name274
-4.13,-2.85,1.112922907,name275
4.53,0.73,-0.09131553,name276
4.11,4.77,0.506582379,name277
-4.13,-3.62,-0.52632004,name278
3.09,-3.92,-3.165180683,name279
3.17,-0.34,0.288124084,name280
-3.11,4.08,-0.860244274,name281
-3.14,1.89,0.659171343,name282
-2.99,-4.84,-0.901820242,name283
-1.53,-3.16,0.64339757,name284
3.15,2.98,-1.278787613,name285
2.12,3.91,-0.030986249,name286
3.58,-2.15,-1.643051267,name287
-4.34,3.77,-0.798505902,name288
2.77,-1,-1.459879994,name289
0.87,1.99,-1.848494291,name290
-0.28,1.51,2.418117523,name291
-2.44,-3.66,-1.654369116,name292
2.2,2.15,1.832946539,name293
-2.65,4.02,0.235143721,name294
-0.99,1.47,0.002827776,name295
4.55,-1.8,-1.098439336,name296
1.92,-0.17,1.364039183,name297
0.17,2.89,-0.591825783,name298
-2.09,4.6,0.703028977,name299
2.78,-0.23,0.015629217,name300
4.75,0.06,-1.588426232,name301
2.83,0.81,-0.625906408,name302
3.29,2.57,-0.865934134,name303
-0.28,2.83,-0.388497442,name304
-4.81,-2.76,-0.250440419,name305
1.61,-3.43,-0.5772928,name306
3.35,0.86,0.410012811,name307
0.14,0.58,-0.316913933,name308
2.46,-2.44,1.562840462,name309
-1.87,0.24,-1.394099951,name310
1.94,-3.6,-0.90734601,name311
4.48,-4.71,-0.540340185,name312
-4.26,1.92,-0.233482122,name313
-3.87,0.73,-1.487609982,name314
-3.83,0.3,0.010328334,name315
1.62,-3.06,-0.739463747,name316
1.22,-0.47,-1.108854413,name317
1.48,-2.91,0.105045967,name318
4.11,-4.62,-1.219877601,name319
2.16,4.68,0.124279968,name320
-4.65,-4.87,-0.869565308,name321
3.76,4.06,0.170802832,name322
-2.53,4.25,0.559160531,name323
-1.48,4.67,0.747791946,name324
-2.49,0.19,-0.475528061,name325
-4.14,-2.59,0.544270098,name326
-3.46,-2.77,0.038480774,name327
-2.3,4.71,-0.196646437,name328
-1.83,-3.39,-0.205083594,name329
2.14,-4.92,-0.991556942,name330
2.21,1.63,1.828854203,name331
3.64,-3.54,-1.808083773,name332
2.45,-3,-0.519048035,name333
-0.74,-2.27,-1.338316679,name334
3.79,0.88,0.340409726,name335
4.87,-1.93,-1.208771586,name336
-3.1,-0.04,-0.539508402,name337
1.04,-4.92,-2.143151283,name338
1.42,0.43,-1.591897368,name339
-3.8,0.52,-0.260761112,name340
1.8,1.51,-0.803051829,name341
4.07,3.11,-1.273759127,name342
4.55,-4.29,0.5304057,name343
3.43,4.82,0.178787574,name344
0.15,0.88,0.309760123,name345
-4.82,-1.74,-0.15796046,name346
2.79,-0.79,-0.770673752,name347
3.6,-2.38,-1.327895641,name348
0.11,3.58,2.099290609,name349
0.32,0.98,-0.282878548,name350
-3.18,-4.98,0.505875468,name351
4.91,-4.92,0.15675509,name352
2.96,-4.88,-2.466837645,name353
-1.48,0.47,-1.314614654,name354
3.36,-2.12,-2.329407454,name355
2.1,-0.49,0.797994792,name356
-2.39,4.09,1.181805968,name357
-3.8,-4.53,-0.494778454,name358
1.17,-1.45,-0.313615233,name359
-4.58,-2.91,-0.252989352,name360
-4.5,-3.12,0.246963099,name361
3.3,-2.95,-1.53777051,name362
-3.47,-3.85,-1.677882552,name363
-0.99,1.23,1.440521359,name364
-2.04,-2.91,1.682145596,name365
-2.82,-0.59,-1.02985549,name366
0.94,3.99,0.322482586,name367
-3,3.67,-0.797020733,name368
4.75,-4.25,-0.079597473,name369
4.98,4.08,0.752843082,name370
4.95,-4.1,0.529010057,name371
0.29,4.29,0.518965304,name372
-3.47,3.8,-1.395515203,name373
-3.62,-2,-0.082167976,name374
3.26,-4.95,-1.77620995,name375
-1.07,4.97,-0.420603484,name376
3.12,0.82,-0.393990785,name377
3.74,0.69,0.109782271,name378
-2.62,0.35,-0.291783929,name379
-0.67,4.72,0.366127819,name380
-2.12,3.69,0.160650209,name381
-4.22,4.84,-1.174181223,name382
0.66,-0.56,0.588411152,name383
1.18,4.03,0.403921604,name384
-4.7,-0.96,-1.444349527,name385
-1.36,-0.44,-0.741105318,name386
4.34,-4.92,-0.26306951,name387
-1.62,4.83,1.563869953,name388
-4.86,4,-2.330417871,name389
-1.96,-0.47,0.838799536,name390
-3.98,-4.98,-0.119501509,name391
-4.49,0.82,-0.00623379,name392
2.54,-0.65,-1.269789696,name393
0.45,-4.89,-0.781983852,name394
2.08,-3.15,-0.064538114,name395
-2.41,2.67,-1.774355412,name396
0.96,-0.53,-0.903571665,name397
2.59,-1.42,-2.083225966,name398
4.04,-1.86,0.844424665,name399
-4.65,-0.52,-2.019011736,name400
0.2,2.09,1.524236083,name401
4.5,4.95,-0.655419886,name402
3.2,2.41,-0.585157514,name403
4.81,-3.11,0.64419502,name404
2.03,3.17,-1.589148402,name405
-0.29,-2.92,-0.271311998,name406
4.12,-3.68,-1.388117671,name407
-4.54,3.38,-1.558756471,name408
3.09,1.81,0.718000174,name409
2.6,-2.56,-0.200915501,name410
-4.72,1.43,-0.324586868,name411
-2.41,-4.38,0.45630762,name412
-1.85,2.14,-1.65765214,name413
-0.57,4.98,-0.730171561,name414
-3.46,2.13,0.563444674,name415
4.23,4.6,1.598089218,name416
-1.54,-2.51,0.541858912,name417
4.53,-4.94,-1.74306953,name418
0.03,4.98,-1.382627606,name419
-3.23,1.22,-1.489961505,name420
0.64,1.07,-1.187426925,name421
-3.53,4.35,-1.570431709,name422
-2.45,0.58,-0.001375514,name423
-2.15,-1.56,0.263164252,name424
1.69,-0.64,-0.155443415,name425
-1.69,2.39,-0.526909232,name426
1.47,2.28,-1.805454969,name427
1.95,1.76,-0.337646961,name428
-4.11,-4.81,-0.087967113,name429
4.02,0.78,1.105357885,name430
4.76,3.83,0.186371282,name431
-2.43,-3.44,-2.673520327,name432
3.51,0.44,-0.714718878,name433
2.23,-1.13,-1.518381,name434
3.88,-1.11,-0.975558698,name435
-1.03,-0.06,-0.476943344,name436
-1.74,4.1,-2.113013268,name437
-3.44,-0.71,-0.054886326,name438
3.33,-0.03,0.57169199,name439
-0.37,-0.27,-1.401636243,name440
4.14,1.49,-1.374418736,name441
-3.31,-0.26,-1.192377806,name442
-4.74,1.18,0.643778741,name443
-4.77,2.36,-0.032655038,name444
3.76,2.91,0.204103678,name445
-4.2,1.54,-0.31665644,name446
2.24,2.75,-0.704315305,name447
3.33,-0.97,0.643754601,name448
-4.6,3.6,-1.672774076,name449
-1.16,4.31,-0.316168636,name450
-2.87,-2.99,-0.074275821,name451
4.47,-2.39,-0.242087513,name452
0.91,-3.95,-3.041092157,name453
-0.86,-4.07,-0.841304898,name454
-1.19,-1.84,-0.870446861,name455
-2.76,3.29,-1.434576035,name456
1.58,3.71,0.200996488,name457
4.26,1.11,-0.534921288,name458
-0.37,-4.38,-0.625896454,name459
-4,2.27,0.454731435,name460
-2.03,-2.4,0.510858774,name462
1.05,-0.87,-0.920447469,name463
2.96,4.4,-2.142684221,name464
-0.1,2.73,-0.571187317,name465
-4.95,-3.14,-0.478894919,name466
-0.54,4.12,0.593183279,name467
-4.08,0.21,-0.826928914,name468
0.77,2.21,-2.428347111,name469
-1.96,4.27,0.175635457,name470
2.52,-1.25,-2.496973515,name471
3.44,1.04,-1.3365134,name472
-4.58,1.03,-0.358529657,name473
-1.55,-2.01,-0.605966151,name474
-2.18,-2.17,0.657307088,name475
0.99,-4.31,-3.132361412,name476
-1.47,-1.18,0.398754418,name477
-1.12,-0.22,-0.132162869,name478
-2.65,-2.84,0.405678511,name479
0.46,4.35,0.658945918,name480
2.39,3.71,-0.511418879,name481
0.2,-0.22,-0.542879939,name482
0.1,-3.15,0.400965124,name483
2.76,-3.05,0.727873325,name484
-3.2,-1.82,-2.08158803,name485
-1.73,-1.29,0.508666813,name486
1,4.39,-0.627341747,name487
-1.36,4.13,-0.702410758,name488
2.83,4.67,-0.662315488,name489
2.17,0.75,-0.571713626,name490
-4.82,-0.71,-0.676344216,name491
0.09,-4.95,-1.042499185,name492
-2.16,-4.75,0.062761575,name493
-1.55,0.97,-0.151009753,name494
-4.99,-3.68,-2.02772522,name495
3.04,-1.9,-2.645873308,name496
-4.09,3.32,0.789420068,name497
-0.86,-4.67,0.112069167,name498
1.2,3.6,0.715144157,name499
-2.14,0.15,-1.14038682,name500
0.79,3.58,-0.146999493,name501
-1.66,-3.61,-0.569382906,name502
0.95,3.7,0.381421715,name503
-2.86,0.38,-0.723209739,name504
1.92,-3.04,-0.23817201,name505
-2.03,0.43,-1.16091609,name506
-2.6,-0.27,-1.128816247,name507
-2.55,-4.16,-0.228973672,name508
0.55,3.43,1.51772821,name509
4.48,3.87,-0.436039686,name510
2.16,-0.16,1.499355674,name511
3.78,-4.4,-1.818428755,name512
1.69,4.34,0.010724367,name513
3.56,0.78,0.558980405,name514
2.87,-4.45,-1.522746682,name515
1.12,4.87,0.194458634,name516
-4.01,-1.45,0.195230678,name517
3.01,4.6,-1.160567164,name518
-4.52,-2.57,0.68051827,name519
-4.27,-3.16,0.395721883,name520
-1.1,-3.41,1.02983737,name521
-3.29,2.46,0.854544699,name522
-0.41,-0.89,-0.261148989,name523
-2.13,1.93,-0.439687341,name524
-4.29,-0.51,-1.323356986,name525
3.41,1.44,-0.891689599,name526
0.33,3.97,1.043860793,name527
-3.75,-2.97,0.276630044,name528
-2.72,3.56,0.629468501,name529
-1.88,-3.87,-0.35692966,name530
3.38,4.64,-1.444137692,name531
2.81,3.02,-1.974276066,name532
-0.64,2.02,-0.024493501,name533
-0.93,-3.84,0.241709337,name534
-0.1,-4.18,0.367609233,name535
-4.31,-2.9,0.871892512,name536
-4.81,-3.46,-0.499580652,name537
4.15,-1.06,0.166361675,name538
-2.34,1.56,-0.814152956,name539
3.01,-2.2,-2.459918022,name540
0.05,3.28,1.48975265,name541
3.37,3.74,1.294409037,name542
-1.3,-2.11,-0.066406734,name543
3.12,-0.98,0.015929345,name544
-0.32,3.14,0.646264255,name545
4.92,-4.51,-0.268116981,name546
2.27,-4.04,-1.402376175,name547
1.67,0.76,-1.413203359,name548
4.18,-3.3,0.575600088,name549
-1.37,-4.2,-0.184439823,name550
-0.5,0.47,-0.989024818,name551
-1.73,3.34,-1.742904067,name552
3.06,4.03,0.189451829,name553
-4.29,-1.08,0.807231009,name554
-1.42,-3.9,0.038326338,name555
-0.77,-1.97,-0.317718685,name556
-3.6,2.44,0.71643132,name557
-2.02,-0.73,0.87547183,name558
-4.76,-2.31,0.295535445,name559
2.12,4.92,-1.676901817,name560
-3.79,-2.48,1.719344854,name561
-2.24,-0.08,-1.15487361,name562
4.47,0.06,-1.105954409,name563
2.97,1.16,-1.333064318,name564
-0.91,1.03,0.71094954,name565
-0.31,-0.06,-1.461012006,name566
-3.15,-2.9,-0.525932074,name567
-3.01,1.39,-2.125524998,name568
-0.37,2.38,-0.539288163,name569
2.94,-2.49,-0.410356253,name570
-0.8,1.55,0.522287846,name571
-4.85,4.9,-0.735989451,name573
1.43,-4.12,-1.877065301,name574
-3.02,4.55,-1.101362586,name575
1.63,0.48,-0.461389989,name576
2.75,-4.88,-2.096716166,name577
1.52,0.09,-0.845505416,name578
-2.2,-1.75,0.110508226,name579
-4.29,0.5,-1.49382174,name580
-0.18,2.24,-0.089865386,name581
2.26,2.33,-0.048691116,name582
-1.51,4.42,0.665418506,name583
4.23,1.73,-0.742220521,name584
3.72,-0.12,-0.104904518,name585
3.93,-1.5,-0.135454476,name586
-3.96,-2.76,0.794693887,name587
-0.58,4.38,-0.1971367,name588
2.67,-2.79,-1.055236578,name589
-3.65,-2.7,0.664429069,name590
-2.35,-0.24,-0.968166709,name591
1.89,-2.29,0.33573699,name592
-4.67,-1.36,-0.534957469,name593
4.45,-2.21,1.176051378,name594
-1.31,-1.31,0.110054888,name595
2.65,-2.38,0.621243417,name596
-3.32,-3,-0.149521813,name597
1.05,2.82,0.37128967,name598
-2.67,-3.67,-2.22985673,name599
2.73,3.79,-0.381634921,name600
4.81,0.48,-0.54553318,name601
2.35,-4.44,-1.061844826,name602
0.4,3.13,1.808454514,name603
2.41,-2.21,0.667732775,name604
-3.24,3.27,-1.751159549,name605
1.55,-2.71,-0.327747226,name606
0.09,4.23,0.276548266,name607
3.39,-1.33,0.352802992,name608
-4.08,-4.62,-1.161925793,name609
0.54,1.49,-1.544593811,name610
1.09,3.18,0.027100038,name611
-0.26,3.73,-1.439397931,name612
2.62,2.55,-0.545253515,name613
2.85,-2.1,-1.846150041,name614
4.99,3.43,0.144346356,name615
-3.93,-0.63,-0.695946217,name616
-4.24,-1.67,-0.883508086,name617
1.74,-1.43,-2.037289858,name618
4.77,1.14,-0.822836578,name619
2.08,0.1,0.912461579,name620
1.04,4.66,0.036911529,name621
0.87,-3.53,-1.14117074,name622
-3.02,2.76,-1.516397476,name623
-0.96,1.77,-0.239601418,name624
-3.76,-1.02,0.415974796,name625
-2.2,1.17,1.031072855,name626
-1.88,2.97,-0.169791728,name627
-2.81,0.89,-0.682692349,name628
-1.71,0.65,-0.928104818,name629
-4.46,0.12,-1.245272636,name630
3.28,-2.31,-1.975815177,name631
-3.87,-3.97,-0.640900612,name632
3.8,-0.89,-0.40401575,name633
1.65,-1.16,-1.68703866,name634
-4.96,-2.91,-0.970598578,name635
-0.27,-4.23,-0.033641156,name636
1.23,0.22,0.238856003,name637
0.46,-2.2,1.472705245,name638
-1.47,-0.83,-0.550077558,name639
-3.28,0.25,-1.149325728,name640
-3.87,2.93,0.308942229,name641
4.28,-4.69,-0.198664218,name642
-1.78,1.81,-0.57431227,name643
-1.56,1.51,-0.634583175,name644
2.05,-2.13,-0.189684674,name645
0.29,-4.02,-0.591653466,name646
-3.09,-4.47,-1.904301643,name647
-3.73,3.99,0.11482919,name648
1.15,-3.01,0.792950094,name649
4.95,2.14,0.372356832,name650
3.51,2.62,-0.233331218,name651
3.41,-2.55,-1.078024864,name652
-0.66,-2.77,-0.365011424,name653
1.05,2.31,-1.92158258,name654
-3.24,3.05,-1.266560912,name655
0.67,-3.38,-1.716543555,name656
0.44,-1.53,0.061244119,name657
2.36,-4.7,-0.579865575,name658
-4.45,1.79,0.653849542,name659
-3.65,3.2,-1.487890959,name660
-0.15,-0.43,-1.065438628,name661
-0.66,-0.51,-1.035077691,name662
4.74,-3.9,0.112499073,name663
-3.59,0.85,-0.500959873,name664
-1.02,0.79,0.214293525,name665
1.32,2.43,-1.47678864,name666
-3.46,0.28,-1.236513257,name667
-0.46,-1.42,0.278351694,name668
-2.92,-1.6,-1.078959942,name669
2.5,4.02,-0.636254787,name670
-4.94,0.88,-0.435670108,name671
2.99,-1.65,-3.05729413,name672
-2.6,-2.06,-0.965509832,name673
-4.76,-3.72,-0.682757497,name674
3.34,-3.19,-1.559127569,name675
4.86,-3.77,0.90682584,name676
4.43,2.38,-0.738352358,name677
-0.18,0.34,-0.741929591,name678
-2.79,-4.07,-1.141094327,name679
-3.5,2.76,0.054839324,name680
-0.95,3.56,-2.444689512,name681
2.31,3.23,-1.267111182,name682
-1.22,1.86,-0.989465594,name683
4.98,1.52,-0.042866819,name684
-3.79,-2.27,-0.472318262,name685
1.66,4.57,-0.179691806,name686
2.25,-0.85,-1.018529534,name687
-2.1,0.83,-0.607177615,name688
2.48,-1.93,-0.906657934,name689
-2.27,3.41,-0.407259971,name690
-1.85,-1.04,0.843336642,name691
-4.27,-4.28,-1.699308038,name692
4.9,-3.59,0.657578886,name693
3.86,0.55,-0.15186666,name694
4.55,0.48,-0.388316125,name695
-3.31,-1.17,-1.046941161,name696
0.69,4.71,-0.652157426,name697
3.93,-4.84,-0.347755134,name698
1.27,-3.27,0.655898273,name699
-2.89,2.96,-1.494750738,name700
3.38,-4.12,-2.897207975,name701
-3.79,-4.8,-0.735776842,name702
4.92,2.5,-0.7724002,name703
4.65,3.09,-0.410299629,name704
1.34,-0.05,-0.509432435,name705
-3.87,4.83,-1.574067116,name706
-1.59,-0.01,-0.308127403,name707
-1.91,-1.3,0.516548097,name708
-2.23,-2.46,1.64002037,name709
1.04,-1.9,0.208050698,name710
-3.28,-0.08,-0.727840304,name711
1.31,-4.93,-2.550036669,name712
-0.85,-2.43,-0.794688821,name713
-3.19,-0.69,-1.632449508,name714
-4.79,0.71,-1.057964683,name715
-3.25,2.11,0.951388299,name716
2.64,-3.25,0.498486608,name717
-1.26,3.73,-2.03771925,name718
-0.15,2.5,0.069076113,name719
1.41,3.16,-1.277207017,name720
-1.98,3.86,-0.464181155,name721
-3.79,1.85,1.080633521,name722
3.13,4.27,-0.89618814,name723
4.06,-0.07,0.557169855,name724
-2.77,-4.89,-1.024137616,name725
4.27,4.42,2.972357035,name726
-0.67,0.17,-1.636791706,name727
4.69,1.43,-0.373720884,name728
-0.37,4.46,0.755225897,name729
-2.55,4.86,0.596573114,name730
4.08,4.5,1.645834208,name731
2.37,-3.79,-1.386957526,name732
-4.94,-1.02,-0.376567721,name733
0.13,1.83,1.022265792,name734
0.29,2.35,1.015741467,name735
-4.65,-0.17,-1.380388856,name736
2.97,-0.24,0.45897612,name737
3.65,1.67,-1.893942118,name738
2.34,0.6,-1.472093463,name739
0.15,-2.37,-0.845232308,name740
-2.64,0.82,-0.566879869,name741
-4.06,-4.33,-1.707381845,name742
-0.81,-4.93,-0.685334265,name743
4.96,-1.49,-1.764297724,name744
1.62,3.03,-1.568966746,name745
-0.97,2.68,0.361841887,name746
3.22,4.9,-0.142253935,name747
-2.56,-1.47,-0.958774626,name748
-0.53,-1.18,-0.60949707,name749
0.48,-0.03,1.587125421,name750
4.17,-4.42,-2.317746878,name751
0.96,-4.13,-2.54213953,name752
1.28,2.62,-1.809665561,name753
3.43,2.08,-0.342519403,name754
1.51,2.53,-1.74612391,name755
-0.28,4.77,0.142407626,name756
-2.76,-1.43,-1.621299148,name757
3.61,3.79,0.698032856,name758
-0.92,-0.95,-0.411597818,name759
-4.96,1.15,-0.076160096,name760
2.49,3.52,-1.593176126,name761
1.21,-4.08,-3.066456318,name762
4.5,-0.76,-0.58240211,name763
-1.13,-2.5,-0.381126136,name764
2.34,1.08,-0.356034547,name765
-0.14,3.59,0.09404894,name766
1.27,2.03,-1.201219916,name767
-3.68,1.5,-0.657949507,name768
1.69,-5,-0.961097419,name769
3.94,1.45,-0.495233417,name770
3.66,-3.36,-0.39797467,name771
0.25,-0.62,1.022906542,name772
-1.43,-2.33,0.496329784,name773
-0.73,4.06,-0.628194988,name774
-3.7,-1.23,0.118557677,name775
2.6,4.7,-0.790251136,name776
0.88,2.57,-1.761814952,name777
-3.28,-2.28,-0.982944131,name778
3.93,3.73,0.768823922,name779
-0.14,3.9,-0.747231424,name780
-2.37,-2.66,0.353655487,name781
3.37,3.03,0.140323207,name782
3.67,4.87,0.524205983,name783
-3.34,1.92,0.573112369,name784
-1.32,4.57,0.133865431,name785
4.53,1.34,-1.152780533,name786
-1.18,3.41,-0.926153064,name787
3.59,-4.33,-2.293018579,name788
-0.71,-3.57,-0.006628085,name789
-1.93,-0.07,-0.129851997,name790
3.05,-3.51,-1.262370825,name791
0.21,1.47,1.590977669,name792
3.98,4.27,1.046075344,name793
-3.73,4.49,-0.817194164,name794
-0.24,-4.52,-0.364889026,name795
-0.1,-3.59,0.136006966,name796
0.51,2.2,-0.519636512,name797
1.48,4.75,0.173414752,name798
4.51,-0.56,-0.830824196,name799
-0.98,4.11,-0.256343722,name800
-0.5,0.84,-0.634358168,name801
4.89,-2.26,-0.911581278,name802
0.72,4.4,-0.355781794,name803
-1.9,0.58,-1.609684229,name804
-2.59,1.31,-1.82422328,name805
4.05,-0.43,-0.439907908,name806
4.68,-0.22,-1.770572901,name807
3.63,3.44,0.594864607,name808
-3.43,-1.59,-0.80561316,name809
1.36,-1.53,-0.776914477,name810
0.57,1.78,0.37748757,name811
-3.09,-4.03,-1.203181863,name812
-3.16,-3.84,-1.943483233,name813
-0.05,1.25,1.127368927,name814
-3.43,-3.63,-1.20593226,name815
-3.44,3.13,-1.452701092,name816
0.68,0.5,1.393686414,name817
3.23,-3.74,-2.977824926,name818
3.51,0.23,-0.996669352,name819
3.52,-3.02,-1.584998846,name820
-0.87,-0.44,-2.446352482,name821
-0.52,-4.03,-0.18561697,name822
-0.84,-0.17,-0.283410072,name823
4.59,4.21,1.78933692,name824
-1.58,-0.56,-1.465798855,name825
-4.57,2.26,-0.049851932,name826
-2.46,0.93,-0.567589402,name827
-1.27,-0.04,0.016684791,name828
-0.48,1.48,1.561617613,name829
-4.07,-1.86,-0.113695785,name830
0.21,2.61,-0.707612276,name831
1.86,-1.03,-1.590906858,name832
-2.98,0.17,-0.556835055,name833
0.4,0.36,0.879709244,name834
-4.96,4.74,-0.169999257,name835
4.68,-0.76,-0.303083152,name836
2.52,0.5,-1.055101514,name837
-1.69,0.43,-0.357495338,name838
1.07,1.81,-1.681894541,name839
2.86,-3.81,-2.287262201,name840
3.78,-2.7,-1.354814529,name841
3.63,4.44,0.840034306,name842
4.72,-2.54,-0.459728509,name843
2.02,3.56,-0.644071698,name844
-0.13,0.52,-0.189493358,name845
3.65,-4.95,-0.445826769,name846
3.48,3.94,1.17624712,name847
-2.01,-2.67,1.566711783,name848
0.07,4.57,1.402589679,name849
-1.3,1.2,1.333703399,name850
-2.74,-4.43,-0.942494988,name851
1.04,-3.64,-1.059064031,name852
-1.05,4.48,-1.244614005,name853
2.9,-0.5,-0.866989791,name854
-3.82,-0.12,-0.413658231,name855
0.82,-4.92,-3.084604502,name856
2.83,-1.45,-2.478561401,name857
1.66,4.86,-0.469507217,name858
-3.83,-3.32,-0.482183576,name859
-4.75,1.67,0.512852848,name860
-3.32,-3.45,-1.090249658,name861
-1.26,-0.71,-0.955614269,name862
-1.22,0.45,-0.719702005,name863
-2.69,4.46,0.52227366,name864
-4.59,-0.35,-0.853465259,name865
-3.87,-4.24,-0.655842602,name866
-1.9,-2.11,-0.428480357,name867
3.65,1,0.292513698,name868
4.51,-1.98,-0.383306175,name869
-4.79,-2.97,-0.77624625,name870
0.54,-0.42,0.039157223,name871
-2.16,-3.78,-0.897021472,name872
1.66,2.07,-1.087749481,name873
3.79,1.88,-1.68882525,name874
-1.43,1.67,-0.167202696,name875
-3.58,-2.48,1.776957989,name876
-3.48,4.68,-0.851689935,name877
1.91,-1.89,-1.658659816,name878
2.49,-2.75,-0.042585522,name879
1.43,-2.02,-1.31353569,name880
-0.85,4.37,-1.038671613,name881
1.67,-0.25,0.973760426,name882
4.29,4.18,1.964635968,name883
-0.31,1.01,0.98341161,name884
1.51,-0.57,-0.678218126,name885
-2.61,-3.36,-1.559424996,name886
1.9,0.89,-1.167314529,name887
-1.49,2.98,-1.08045578,name888
-2.47,-4.81,0.585433185,name889
2.56,-0.99,-1.954229951,name890
-0.42,1.87,1.163492441,name891
0.29,3.28,1.835186601,name892
3.44,-1.85,-1.54052937,name893
3.96,0.38,0.372956663,name894
4.56,2.61,-1.264806032,name895
4.82,-0.89,-0.476354629,name896
4.55,-3.4,0.077135168,name897
0.59,-4.78,-2.390315056,name898
4.7,-2.13,-0.808676124,name899
-4.88,3.13,-0.354241729,name900
4.19,2.21,-0.426516563,name901
2.5,3.25,-2.870908499,name902
-4.61,-1.56,-0.412087739,name903
1.65,1.73,-1.249677539,name904
-1.21,-3.63,0.938466489,name905
-2.53,3.31,-0.228673711,name906
-2.91,-3.94,-0.806934357,name907
1.56,-1.74,-0.481094092,name908
-0.5,-3.32,0.104238667,name909
3.8,3.52,0.518214107,name910
1.43,1.03,-2.215681076,name911
-3.43,-1.04,-0.993075371,name912
-3.65,-4.68,-0.902104855,name913
1.97,-4.69,-0.629465878,name914
3.7,-1.45,0.61604315,name915
-2.75,-2.25,-0.755064011,name916
-0.09,4.11,-0.409499168,name917
-3.53,-0.05,-0.255109012,name918
-0.72,0.34,-1.544422388,name919
-2.73,-2.57,0.6299842,name920
2.04,2.62,0.125535727,name921
-0.8,-1.77,-0.03689089,name922
-0.43,-1.84,-0.539370298,name923
-4.03,-3.06,1.337627769,name924
-3.53,-2.3,0.177095547,name925
-4.63,-0.79,-1.314932466,name926
1,3.48,-0.773490131,name927
-1.42,-4.39,0.228447229,name928
0.94,-4.61,-3.844532967,name929
4.29,-0.44,-1.245424628,name930
4.97,0.58,-0.222713634,name931
2.04,2.41,0.291263908,name932
-2.79,1.53,-2.098446608,name933
-3.75,-0.52,-0.787144721,name934
3.57,3.09,0.578905284,name935
2.19,-2.55,2.132073402,name936
-3.44,0.64,-0.858318865,name937
3.71,1.36,-1.44983983,name938
3.42,-3.71,-2.49002409,name939
-1.37,-1.65,-1.035533905,name940
2.32,1.81,1.393962264,name941
1.88,1.28,-0.195826516,name942
1.57,3.46,-0.619291544,name943
-3.72,3.59,-0.069836281,name944
0.51,-2.64,-0.926530123,name945
-2.53,2.47,-1.436331272,name946
3.15,3.47,0.961921871,name947
2.07,-2.37,0.800899744,name948
0.7,-3.66,-0.735301077,name949
-4.67,4.42,-1.271446109,name950
-3.76,4.31,0.728388846,name951
-2.21,-4.94,0.705486953,name952
1,-0.32,-0.463959873,name953
4.25,3.53,-0.073080286,name954
4.19,3.34,-0.110759616,name955
4.75,2.3,-0.904480934,name956
4.63,2.15,-1.208200812,name957
-1.24,-4.34,-1.207427621,name958
0.5,0.71,0.045590267,name959
4.14,-1.36,-0.248110428,name960
-3.31,2.68,0.066473305,name961
2.51,2.94,-2.789061069,name962
-0.33,-2.4,-1.692152739,name1050
