ÐòºÅ,self_density,log10_self_sp
1,0.025543869,-1.59271333
2,0.025651467,-1.590887794
3,0.02586143,-1.587347469
4,0.025864291,-1.587299426
5,0.026156987,-1.582412286
6,0.026215081,-1.581448796
7,0.026357058,-1.579103068
8,0.026403511,-1.578338315
9,0.026438765,-1.577758836
10,0.026560164,-1.575769241
11,0.026621874,-1.57476137
12,0.026631403,-1.574605948
13,0.026807763,-1.571739424
14,0.026874984,-1.570651784
15,0.027125526,-1.566621833
16,0.027170158,-1.565907843
17,0.027347928,-1.563075579
18,0.027370964,-1.5627099
19,0.027511901,-1.560479401
20,0.027592314,-1.559211879
21,0.027681288,-1.557813711
22,0.027769357,-1.556434171
23,0.027797435,-1.555995274
24,0.027857753,-1.555053919
25,0.027883755,-1.554648735
26,0.027894454,-1.554482131
27,0.028014947,-1.552610198
28,0.028270707,-1.548663325
29,0.028328659,-1.547773986
30,0.028381814,-1.546959847
31,0.028411587,-1.546504502
32,0.028537085,-1.544590397
33,0.028753071,-1.54131577
34,0.029040773,-1.536991831
35,0.029055835,-1.536766641
36,0.029138599,-1.53553133
37,0.029140909,-1.535496898
38,0.029162472,-1.535175671
39,0.029243537,-1.533970101
40,0.029350277,-1.53238779
41,0.029638903,-1.528137871
42,0.029659142,-1.527841421
43,0.0298116,-1.52561472
44,0.029811975,-1.525609258
45,0.029991008,-1.523008943
46,0.03040745,-1.517019995
47,0.030409599,-1.5169893
48,0.03052481,-1.515347027
49,0.03052811,-1.515300082
50,0.030634788,-1.513785124
51,0.030702583,-1.512825081
52,0.030735245,-1.512363316
53,0.030785715,-1.51165076
54,0.030835776,-1.510945111
55,0.030841051,-1.510870826
56,0.030850896,-1.510732221
57,0.030937126,-1.509520033
58,0.030943396,-1.509432022
59,0.031058669,-1.507817155
60,0.031084352,-1.507458178
61,0.031136459,-1.506730782
62,0.031143755,-1.50662903
63,0.031150181,-1.506539419
64,0.031214004,-1.505650524
65,0.031248368,-1.505172654
66,0.031252523,-1.50511492
67,0.031271594,-1.504849988
68,0.031302938,-1.504414896
69,0.031329311,-1.50404916
70,0.031360846,-1.503612233
71,0.031383024,-1.503305214
72,0.031547889,-1.501029691
73,0.031566573,-1.50077257
74,0.031665772,-1.499409915
75,0.031673263,-1.499307199
76,0.031754966,-1.49818835
77,0.031782623,-1.497810269
78,0.031784651,-1.497782547
79,0.03180066,-1.497563867
80,0.031875774,-1.496539266
81,0.031881607,-1.496459791
82,0.03188395,-1.496427874
83,0.031886733,-1.496389979
84,0.031927615,-1.495833521
85,0.031930621,-1.495792638
86,0.031939808,-1.495667698
87,0.031965547,-1.495317855
88,0.032051376,-1.494153318
89,0.032052006,-1.494144785
90,0.0320671,-1.493940313
91,0.032081536,-1.493744845
92,0.032093987,-1.493576321
93,0.032104468,-1.493434516
94,0.032142654,-1.492918267
95,0.03215636,-1.492733117
96,0.032272762,-1.49116387
97,0.032323863,-1.490476745
98,0.032325399,-1.490456108
99,0.032327043,-1.490434013
100,0.03233422,-1.490337615
101,0.032380236,-1.489719992
102,0.032445321,-1.488847926
103,0.032533016,-1.487675673
104,0.032533766,-1.487665666
105,0.032536556,-1.487628422
106,0.03256731,-1.487218111
107,0.032599605,-1.486787663
108,0.032715991,-1.485239914
109,0.032759253,-1.484666016
110,0.032772151,-1.484495049
111,0.032814655,-1.483932159
112,0.032859295,-1.483341763
113,0.032873157,-1.483158583
114,0.032896069,-1.482855992
115,0.032896492,-1.482850414
116,0.033299345,-1.477564303
117,0.033349453,-1.476911286
118,0.033360477,-1.47676775
119,0.033390454,-1.476377672
120,0.033408592,-1.476141827
121,0.033448534,-1.475622914
122,0.033504771,-1.474893344
123,0.033569644,-1.474053268
124,0.03366808,-1.472781652
125,0.033682494,-1.472595755
126,0.033739675,-1.471859101
127,0.033750919,-1.471714396
128,0.033783853,-1.471290818
129,0.033826123,-1.470747775
130,0.033975843,-1.468829761
131,0.034130752,-1.46685414
132,0.034176766,-1.466269032
133,0.034192112,-1.466074074
134,0.03420033,-1.4659697
135,0.034412961,-1.463277955
136,0.034537534,-1.461708672
137,0.03460067,-1.46091549
138,0.034603673,-1.460877801
139,0.034636762,-1.460462715
140,0.034758092,-1.458944073
141,0.034797909,-1.458446847
142,0.034835037,-1.457983722
143,0.034890299,-1.457295304
144,0.034906962,-1.457087948
145,0.034964515,-1.456372494
146,0.034994415,-1.456001267
147,0.035026336,-1.455605296
148,0.035098311,-1.454713787
149,0.035135568,-1.454253022
150,0.035153593,-1.454030282
151,0.035247157,-1.452875906
152,0.03529024,-1.452345385
153,0.035318597,-1.451996558
154,0.035333677,-1.451811159
155,0.035338578,-1.451750934
156,0.035354888,-1.451550538
157,0.035358655,-1.451504267
158,0.035366925,-1.451402693
159,0.03540234,-1.450968028
160,0.035405969,-1.450923513
161,0.035457717,-1.450289226
162,0.035513085,-1.449611603
163,0.035594821,-1.448613188
164,0.035664317,-1.447766091
165,0.035683464,-1.447532997
166,0.035686845,-1.447491851
167,0.035708267,-1.447231233
168,0.035723407,-1.447047126
169,0.035776553,-1.446401511
170,0.035785053,-1.446298331
171,0.035843024,-1.445595353
172,0.035867975,-1.44529314
173,0.035869555,-1.445274015
174,0.035923073,-1.444626515
175,0.035928409,-1.444562015
176,0.035928508,-1.444560813
177,0.035938655,-1.444438178
178,0.035950439,-1.444295805
179,0.035973684,-1.44401509
180,0.03601292,-1.443541669
181,0.036015215,-1.443513985
182,0.036075858,-1.442783333
183,0.036086579,-1.442654291
184,0.036109383,-1.442379938
185,0.036117807,-1.442278622
186,0.036189646,-1.441415668
187,0.036220794,-1.441042037
188,0.036223971,-1.441003945
189,0.036237606,-1.440840506
190,0.036295208,-1.440150706
191,0.036295968,-1.440141622
192,0.036298866,-1.440106942
193,0.036337902,-1.439640153
194,0.036345255,-1.439552284
195,0.036380836,-1.439127321
196,0.036398489,-1.438916649
197,0.036456672,-1.438222984
198,0.036493664,-1.437782529
199,0.036531453,-1.437333055
200,0.036572105,-1.436850043
201,0.036607861,-1.436425645
202,0.036650062,-1.435925283
203,0.036656975,-1.435843375
204,0.036666272,-1.435733239
205,0.036669839,-1.435690994
206,0.036713747,-1.435171284
207,0.036720894,-1.435086751
208,0.036734544,-1.434925344
209,0.036748558,-1.434759702
210,0.036756597,-1.434664705
211,0.036776739,-1.434426777
212,0.036813118,-1.433997392
213,0.036861058,-1.433432202
214,0.036883477,-1.433168142
215,0.036910099,-1.432854791
216,0.036918016,-1.432761648
217,0.036972899,-1.432116493
218,0.036974879,-1.43209324
219,0.036978066,-1.432055805
220,0.037039505,-1.431334825
221,0.037060063,-1.431093844
222,0.03711609,-1.430437783
223,0.037136739,-1.430196234
224,0.037165961,-1.429854639
225,0.03720688,-1.429376751
226,0.037226046,-1.429153092
227,0.037227782,-1.429132835
228,0.037270941,-1.428629644
229,0.037276085,-1.428569702
230,0.037290629,-1.428400291
231,0.037300845,-1.428281333
232,0.037335196,-1.427881561
233,0.037342705,-1.427794227
234,0.037351831,-1.427688099
235,0.037357095,-1.4276269
236,0.037391514,-1.427226945
237,0.037413053,-1.426976854
238,0.037456883,-1.42646837
239,0.03747352,-1.426275511
240,0.037477169,-1.426233225
241,0.037558492,-1.425291859
242,0.037592602,-1.424897611
243,0.03764337,-1.424311505
244,0.037667643,-1.424031554
245,0.037669099,-1.424014772
246,0.037675982,-1.423935423
247,0.037704933,-1.423601829
248,0.037710583,-1.423536748
249,0.037750091,-1.423081995
250,0.03788097,-1.421578908
251,0.037917978,-1.421154824
252,0.037918287,-1.42115129
253,0.03792996,-1.421017619
254,0.037978895,-1.420457674
255,0.038058184,-1.419551937
256,0.038083918,-1.419258376
257,0.038103038,-1.419040401
258,0.038112319,-1.418934621
259,0.038116537,-1.418886565
260,0.038179637,-1.418168208
261,0.038223449,-1.417670128
262,0.038238476,-1.41749943
263,0.038274335,-1.417092344
264,0.038299757,-1.41680398
265,0.038402013,-1.415646005
266,0.038482181,-1.414740318
267,0.038495282,-1.414592498
268,0.038514342,-1.414377514
269,0.038524553,-1.414262392
270,0.038554096,-1.413929472
271,0.038571372,-1.413734918
272,0.038608439,-1.413317754
273,0.038656641,-1.412775887
274,0.038673864,-1.412582429
275,0.038676547,-1.41255231
276,0.038679408,-1.412520178
277,0.03868964,-1.412405315
278,0.038697177,-1.412320714
279,0.038785865,-1.41132652
280,0.038876655,-1.410311115
281,0.038907296,-1.409968952
282,0.038918711,-1.409841555
283,0.038933318,-1.409678584
284,0.038940249,-1.409601281
285,0.038944112,-1.409558197
286,0.038989137,-1.409056373
287,0.039033697,-1.408560313
288,0.039040634,-1.408483143
289,0.039062283,-1.408242374
290,0.039097443,-1.407851644
291,0.039099903,-1.40782432
292,0.039102135,-1.407799527
293,0.039124526,-1.407550909
294,0.039135893,-1.407424757
295,0.039183071,-1.406901526
296,0.039212727,-1.406572954
297,0.03927598,-1.405872974
298,0.039356735,-1.404980935
299,0.039382565,-1.404696001
300,0.039390945,-1.404603599
301,0.03943572,-1.404110229
302,0.039446935,-1.403986738
303,0.039448834,-1.403965827
304,0.039456832,-1.403877788
305,0.039523265,-1.403147186
306,0.039549699,-1.402856819
307,0.039592035,-1.402392179
308,0.039612525,-1.402167476
309,0.039664583,-1.401597102
310,0.039680293,-1.401425133
311,0.039684538,-1.401378671
312,0.039707802,-1.401124152
313,0.039770492,-1.400439038
314,0.039774268,-1.400397803
315,0.039777178,-1.400366028
316,0.039787346,-1.400255032
317,0.039801711,-1.400098256
318,0.039817408,-1.399927009
319,0.039823299,-1.39986276
320,0.039823652,-1.399858919
321,0.039903085,-1.398993532
322,0.039909498,-1.398923735
323,0.039943961,-1.398548868
324,0.03994905,-1.398493549
325,0.039970684,-1.398258425
326,0.039999081,-1.397949987
327,0.040004274,-1.397893611
328,0.04008143,-1.397056793
329,0.040129144,-1.396540105
330,0.04014608,-1.396356852
331,0.040190992,-1.39587127
332,0.040193913,-1.395839711
333,0.040194542,-1.395832911
334,0.040272149,-1.394995192
335,0.040301298,-1.394680965
336,0.040309485,-1.394592746
337,0.040352833,-1.394125965
338,0.040408459,-1.39352771
339,0.040420393,-1.393399466
340,0.04044446,-1.393140955
341,0.040537878,-1.392138992
342,0.040538355,-1.392133882
343,0.040550565,-1.392003089
344,0.040575272,-1.391738562
345,0.040576047,-1.391730263
346,0.040605185,-1.391418506
347,0.040615644,-1.391306661
348,0.040634699,-1.391102954
349,0.040651713,-1.390921153
350,0.040657187,-1.390862672
351,0.040661872,-1.390812633
352,0.040662807,-1.390802647
353,0.040713256,-1.390264163
354,0.040756428,-1.389803886
355,0.040783948,-1.389510734
356,0.040836548,-1.388950973
357,0.0408992,-1.388285185
358,0.040985901,-1.387365516
359,0.041086889,-1.386296745
360,0.041114236,-1.386007775
361,0.041129597,-1.385845541
362,0.041135591,-1.385782258
363,0.041205413,-1.38504573
364,0.041220314,-1.384888708
365,0.041251669,-1.384558479
366,0.041299926,-1.384050729
367,0.041323818,-1.383799563
368,0.041331068,-1.383723368
369,0.041353495,-1.383487782
370,0.04140077,-1.382991585
371,0.041415498,-1.382837108
372,0.041442122,-1.382558011
373,0.041480638,-1.38215457
374,0.041507488,-1.381873551
375,0.041517106,-1.381772923
376,0.041530181,-1.381636176
377,0.041604815,-1.380856403
378,0.041641919,-1.380469268
379,0.041658868,-1.38029254
380,0.041682811,-1.380043001
381,0.041724023,-1.379613826
382,0.041756171,-1.379279329
383,0.041764643,-1.379191228
384,0.04186934,-1.37810389
385,0.041885192,-1.377939484
386,0.041906379,-1.377719865
387,0.041921916,-1.377558876
388,0.041927849,-1.377497414
389,0.0419736,-1.377023782
390,0.041981914,-1.376937765
391,0.042094971,-1.375769785
392,0.042130994,-1.37539829
393,0.042153043,-1.375171065
394,0.042228932,-1.374389905
395,0.042266082,-1.374008009
396,0.042267547,-1.373992951
397,0.042274565,-1.373920849
398,0.042290232,-1.373759934
399,0.04232786,-1.373373689
400,0.042337019,-1.373279725
401,0.042340082,-1.373248305
402,0.042360692,-1.373036953
403,0.042360986,-1.373033945
404,0.042361933,-1.373024231
405,0.042404965,-1.372583293
406,0.04243715,-1.372253786
407,0.042446682,-1.372156256
408,0.042495156,-1.371660572
409,0.042556888,-1.371030136
410,0.042557794,-1.371020891
411,0.042602537,-1.370564534
412,0.042617043,-1.370416692
413,0.042654489,-1.370035257
414,0.042702563,-1.369546057
415,0.042703466,-1.369536871
416,0.042735066,-1.36921562
417,0.042768247,-1.368878554
418,0.042771586,-1.368844649
419,0.042794852,-1.368608467
420,0.042803828,-1.368517394
421,0.042825369,-1.368298885
422,0.042838483,-1.368165913
423,0.042846801,-1.368081594
424,0.042848957,-1.368059744
425,0.042880648,-1.367738658
426,0.042908141,-1.3674603
427,0.042914359,-1.367397374
428,0.042921086,-1.367329297
429,0.042940996,-1.367127882
430,0.042956861,-1.366967462
431,0.043031571,-1.366212802
432,0.043049346,-1.366033442
433,0.043054435,-1.365982104
434,0.043151754,-1.365001545
435,0.043192696,-1.364589689
436,0.043195733,-1.364559147
437,0.043279244,-1.363720333
438,0.043309246,-1.36341938
439,0.043320517,-1.363306366
440,0.043334536,-1.36316585
441,0.043334747,-1.36316373
442,0.043343981,-1.363071199
443,0.0433549,-1.362961815
444,0.043392431,-1.362586019
445,0.043403529,-1.362474958
446,0.043453742,-1.361972814
447,0.043474182,-1.361768576
448,0.043489921,-1.361611378
449,0.043498619,-1.361524527
450,0.043524466,-1.361266553
451,0.043540537,-1.361106223
452,0.043542093,-1.361090699
453,0.043556418,-1.360947847
454,0.043615261,-1.360361521
455,0.043718544,-1.359334312
456,0.043724071,-1.35927941
457,0.043896311,-1.357571975
458,0.043915134,-1.357385791
459,0.043915236,-1.357384774
460,0.043942084,-1.357119353
461,0.04398001,-1.356744678
462,0.04398492,-1.356696197
463,0.044087541,-1.355684126
464,0.044120235,-1.355362184
465,0.044136887,-1.355198301
466,0.044152164,-1.355048002
467,0.044188229,-1.354693401
468,0.044241057,-1.35417451
469,0.04424596,-1.354126375
470,0.044358852,-1.353019705
471,0.044384217,-1.352771438
472,0.044419906,-1.352422368
473,0.04446251,-1.352006026
474,0.044512368,-1.351519297
475,0.044522458,-1.351420871
476,0.044539855,-1.351251203
477,0.044547973,-1.351172048
478,0.044569418,-1.350963036
479,0.044584157,-1.350819439
480,0.044589432,-1.350768061
481,0.044652834,-1.350150975
482,0.044692516,-1.349765196
483,0.044736135,-1.34934154
484,0.044745457,-1.349251048
485,0.044755206,-1.349156437
486,0.04477602,-1.348954508
487,0.044777339,-1.348941718
488,0.044787433,-1.348843832
489,0.044800126,-1.348720765
490,0.044815417,-1.348572561
491,0.044822228,-1.348506562
492,0.044828482,-1.348445964
493,0.044968583,-1.347090801
494,0.044973879,-1.347039651
495,0.044980968,-1.346971201
496,0.045081551,-1.346001153
497,0.045086066,-1.34595766
498,0.04512739,-1.345559781
499,0.045155501,-1.345289333
500,0.045157609,-1.345269066
501,0.045172575,-1.345125149
502,0.045183357,-1.345021507
503,0.045209008,-1.344775027
504,0.045233923,-1.344535748
505,0.045284644,-1.344049044
506,0.045289617,-1.344001356
507,0.045319968,-1.343710401
508,0.045323104,-1.343680358
509,0.045325445,-1.343657925
510,0.045354736,-1.343377357
511,0.0453677,-1.343253234
512,0.045371144,-1.343220267
513,0.045424455,-1.342710271
514,0.045441741,-1.342545039
515,0.045510468,-1.341888694
516,0.045551612,-1.341496248
517,0.045556296,-1.341451594
518,0.04555638,-1.341450789
519,0.04556126,-1.341404273
520,0.045573728,-1.341285442
521,0.04559288,-1.341102972
522,0.04562895,-1.340759527
523,0.045629278,-1.340756404
524,0.04563875,-1.340666262
525,0.045699884,-1.340084905
526,0.045718006,-1.339912721
527,0.045765087,-1.339465712
528,0.045797006,-1.339162918
529,0.045824292,-1.338904237
530,0.045829413,-1.338855703
531,0.045851246,-1.338648862
532,0.045865936,-1.338509735
533,0.045872691,-1.338445778
534,0.045881866,-1.338358924
535,0.045913794,-1.338056819
536,0.045934703,-1.337859087
537,0.045937844,-1.337829389
538,0.045956854,-1.337649713
539,0.046038683,-1.336877111
540,0.04605497,-1.336723497
541,0.046076307,-1.336522339
542,0.046134321,-1.335975863
543,0.046187899,-1.33547179
544,0.046189303,-1.33545859
545,0.046222319,-1.335148272
546,0.046234497,-1.335033865
547,0.046250976,-1.334879094
548,0.046286256,-1.334547946
549,0.046339198,-1.334051491
550,0.046339666,-1.334047098
551,0.046351392,-1.333937217
552,0.046444421,-1.333066443
553,0.046476392,-1.332767591
554,0.046488236,-1.332656935
555,0.046512285,-1.332432329
556,0.04651427,-1.332413786
557,0.046556586,-1.332018874
558,0.046579793,-1.33180245
559,0.046595032,-1.331660387
560,0.046614988,-1.331474423
561,0.046645721,-1.331188194
562,0.046652349,-1.331126488
563,0.046659719,-1.33105788
564,0.046671452,-1.33094869
565,0.046685282,-1.330820016
566,0.046693657,-1.330742111
567,0.046738953,-1.330321016
568,0.046743064,-1.330282826
569,0.046744369,-1.330270698
570,0.046773237,-1.33000257
571,0.04678468,-1.329896337
572,0.046825877,-1.329514076
573,0.046836357,-1.329416896
574,0.046838869,-1.329393599
575,0.046859038,-1.329206634
576,0.046860038,-1.32919736
577,0.046863253,-1.329167567
578,0.046887052,-1.328947075
579,0.046896349,-1.32886097
580,0.046919357,-1.328647946
581,0.046924577,-1.328599636
582,0.04696301,-1.328244078
583,0.046991261,-1.327982898
584,0.047006816,-1.327839163
585,0.047010366,-1.327806363
586,0.047024114,-1.327679378
587,0.04705667,-1.327378813
588,0.047066747,-1.327285813
589,0.047068952,-1.327265474
590,0.047108983,-1.326896274
591,0.047180496,-1.326237498
592,0.047235127,-1.325734912
593,0.047235429,-1.325732135
594,0.047243076,-1.325661835
595,0.047281125,-1.325312195
596,0.047305247,-1.325090689
597,0.047314259,-1.325007956
598,0.047320595,-1.324949801
599,0.047327663,-1.324884942
600,0.047336947,-1.324799751
601,0.0473725,-1.324473692
602,0.047456041,-1.323708496
603,0.047466552,-1.323612316
604,0.047594084,-1.322447027
605,0.047611757,-1.322285791
606,0.047623297,-1.322180537
607,0.047656331,-1.321879392
608,0.047685107,-1.32161724
609,0.047704113,-1.321444174
610,0.047711758,-1.321374579
611,0.047712876,-1.321364402
612,0.047721009,-1.321290381
613,0.047743988,-1.321081307
614,0.047833248,-1.320270129
615,0.0478946,-1.319713451
616,0.047900864,-1.319656652
617,0.047902233,-1.319644238
618,0.047938555,-1.319315059
619,0.047958657,-1.319132987
620,0.047973544,-1.318998199
621,0.047976752,-1.318969161
622,0.047978734,-1.318951217
623,0.048040832,-1.318389478
624,0.048087596,-1.31796693
625,0.048111148,-1.317754279
626,0.048141532,-1.317480092
627,0.048156742,-1.317342906
628,0.048174079,-1.317186581
629,0.048182268,-1.317112758
630,0.048197112,-1.316978985
631,0.048222151,-1.316753425
632,0.04823947,-1.316597473
633,0.048283993,-1.316196822
634,0.048336557,-1.315724283
635,0.048352611,-1.315580073
636,0.048427196,-1.314910677
637,0.048498746,-1.314269495
638,0.048521161,-1.314068812
639,0.048538342,-1.31391506
640,0.048549576,-1.313814563
641,0.048554911,-1.313766835
642,0.048559122,-1.313729176
643,0.04856393,-1.313686174
644,0.048586459,-1.313484751
645,0.048640165,-1.313004961
646,0.048731917,-1.312186501
647,0.048744831,-1.312071435
648,0.048754469,-1.311985572
649,0.048765136,-1.311890556
650,0.048813335,-1.311461518
651,0.048873997,-1.310922146
652,0.048874773,-1.310915245
653,0.048994697,-1.309850925
654,0.049121584,-1.30872764
655,0.049141819,-1.30854877
656,0.049199106,-1.30804279
657,0.049204051,-1.307999142
658,0.049221297,-1.307846944
659,0.049268446,-1.307431135
660,0.049444525,-1.305881788
661,0.049621913,-1.304326493
662,0.049635074,-1.304211329
663,0.049676121,-1.303852319
664,0.04971519,-1.303510896
665,0.049771555,-1.303018792
666,0.049778689,-1.302956545
667,0.049802454,-1.302749259
668,0.049814105,-1.302647667
669,0.0498362,-1.302455084
670,0.049869042,-1.302168977
671,0.049972196,-1.301271568
672,0.049995963,-1.301065063
673,0.050046785,-1.300623814
674,0.050061365,-1.300497312
675,0.050071545,-1.300409006
676,0.050071728,-1.300407423
677,0.050117779,-1.300008182
678,0.050142237,-1.299796293
679,0.05016277,-1.299618493
680,0.050170636,-1.299550396
681,0.050173351,-1.299526896
682,0.050267542,-1.298712352
683,0.050289239,-1.298524936
684,0.050303514,-1.298401678
685,0.050355478,-1.29795328
686,0.050359185,-1.297921309
687,0.050382403,-1.297721127
688,0.050387326,-1.29767869
689,0.050437918,-1.297242851
690,0.050500571,-1.296703715
691,0.050515813,-1.296572657
692,0.050544902,-1.296322645
693,0.050569841,-1.296108414
694,0.050573174,-1.296079786
695,0.050612591,-1.295741425
696,0.050670472,-1.295245046
697,0.050725013,-1.29477783
698,0.050748302,-1.29457848
699,0.050868667,-1.293549644
700,0.050882829,-1.293428751
701,0.050898367,-1.293296149
702,0.050917447,-1.293133383
703,0.050983989,-1.292566184
704,0.050996053,-1.292463435
705,0.050999788,-1.292431628
706,0.051169861,-1.290985759
707,0.051172708,-1.290961603
708,0.051187878,-1.290832874
709,0.05121788,-1.290578402
710,0.05128066,-1.290046397
711,0.051299143,-1.28988989
712,0.051339031,-1.289552329
713,0.051343,-1.289518762
714,0.051481559,-1.288348308
715,0.051496274,-1.288224189
716,0.051635351,-1.287052864
717,0.051672237,-1.286742733
718,0.051810685,-1.285580667
719,0.051814496,-1.285548719
720,0.051920506,-1.284661084
721,0.051939437,-1.284502759
722,0.051948694,-1.28442537
723,0.051997326,-1.284018991
724,0.052016343,-1.283860185
725,0.052138073,-1.282845026
726,0.052182288,-1.282476886
727,0.052190655,-1.282407256
728,0.052202535,-1.282308406
729,0.052270907,-1.281739968
730,0.052335602,-1.281202776
731,0.052347678,-1.281102581
732,0.052408928,-1.280594721
733,0.052437489,-1.280358115
734,0.052598871,-1.279023578
735,0.052634253,-1.278731533
736,0.052641424,-1.278672369
737,0.052685833,-1.278306148
738,0.052728399,-1.277955419
739,0.052739391,-1.277864888
740,0.052776894,-1.277556176
741,0.052777934,-1.277547611
742,0.052814163,-1.277249596
743,0.05281839,-1.27721484
744,0.052830579,-1.277114633
745,0.052844899,-1.276996927
746,0.05286735,-1.276812457
747,0.05294372,-1.276185544
748,0.052960942,-1.276044301
749,0.053111398,-1.274812263
750,0.053151053,-1.274488128
751,0.053259883,-1.27359979
752,0.053270269,-1.273515113
753,0.053351863,-1.272850415
754,0.053365971,-1.272735588
755,0.053376663,-1.272648578
756,0.053494978,-1.271686985
757,0.053514233,-1.271530695
758,0.053562692,-1.271137603
759,0.053592935,-1.270892455
760,0.053638958,-1.270519663
761,0.053749051,-1.269629202
762,0.053753264,-1.269595159
763,0.053764785,-1.269502084
764,0.053788074,-1.269314007
765,0.053803891,-1.269186317
766,0.053874727,-1.268614916
767,0.053939191,-1.268095571
768,0.054014722,-1.267487856
769,0.054025379,-1.26740218
770,0.054072835,-1.267020858
771,0.054133607,-1.266533037
772,0.054189792,-1.266082517
773,0.054460822,-1.26391581
774,0.054485421,-1.263719691
775,0.054489143,-1.263690023
776,0.054515663,-1.263478702
777,0.054590704,-1.262881304
778,0.0546259,-1.262601391
779,0.054681849,-1.262156806
780,0.054764966,-1.261497178
781,0.054781652,-1.261364875
782,0.054810053,-1.261139778
783,0.054926806,-1.260215651
784,0.055022819,-1.259457162
785,0.055062921,-1.259140752
786,0.055094982,-1.258887955
787,0.055117369,-1.258711519
788,0.055185654,-1.258173807
789,0.055278733,-1.257441918
790,0.055309727,-1.257198486
791,0.055351916,-1.256867339
792,0.055479086,-1.255870705
793,0.055501891,-1.255692221
794,0.055601943,-1.254910034
795,0.055690368,-1.254219912
796,0.055739536,-1.253836649
797,0.056163271,-1.250547603
798,0.056184566,-1.250382968
799,0.056242837,-1.249932779
800,0.056319571,-1.249340664
801,0.056523643,-1.247769853
802,0.056526541,-1.247747591
803,0.056526922,-1.247744661
804,0.056528334,-1.247733815
805,0.056605186,-1.247143781
806,0.056664794,-1.246686688
807,0.056694117,-1.246462007
808,0.056763068,-1.245934142
809,0.056816543,-1.245525196
810,0.056896797,-1.244912181
811,0.05706755,-1.243610773
812,0.057076071,-1.243545931
813,0.057114659,-1.24325241
814,0.057152876,-1.242961913
815,0.057197734,-1.242621174
816,0.057340455,-1.241538862
817,0.057353578,-1.241439486
818,0.057382362,-1.241221575
819,0.057503389,-1.240306556
820,0.057530143,-1.240104544
821,0.057545798,-1.239986385
822,0.057603565,-1.239550639
823,0.057893568,-1.237369685
824,0.058291336,-1.234395993
825,0.0583562,-1.233912995
826,0.058388025,-1.233676214
827,0.058431451,-1.233353332
828,0.058490859,-1.232912
829,0.058495348,-1.232878674
830,0.058521326,-1.232685843
831,0.058583485,-1.232224795
832,0.058619829,-1.23195545
833,0.058805992,-1.230578419
834,0.058831663,-1.230388878
835,0.059039635,-1.228856337
836,0.059061855,-1.228692917
837,0.059107863,-1.22835474
838,0.059129208,-1.228197938
839,0.059195056,-1.227714561
840,0.059257888,-1.227253829
841,0.059319528,-1.226802312
842,0.059327527,-1.226743754
843,0.059339222,-1.226658154
844,0.059405364,-1.226174339
845,0.059613441,-1.224655812
846,0.059677869,-1.224186696
847,0.059758309,-1.223601699
848,0.059764222,-1.22355873
849,0.059843909,-1.222980049
850,0.059844684,-1.222974421
851,0.059849707,-1.222937968
852,0.059885206,-1.222680452
853,0.05998818,-1.221934317
854,0.060289321,-1.219759607
855,0.060363806,-1.219223387
856,0.060525415,-1.21806222
857,0.060582595,-1.21765213
858,0.060621618,-1.217372476
859,0.060631718,-1.217300124
860,0.060720984,-1.2166612
861,0.060976287,-1.214839022
862,0.060992948,-1.214720376
863,0.061032718,-1.214437286
864,0.061261228,-1.212814301
865,0.061296052,-1.212567494
866,0.0614711,-1.211329018
867,0.061589316,-1.21049462
868,0.061638852,-1.210145461
869,0.061692984,-1.209764223
870,0.061843357,-1.208706941
871,0.062337999,-1.205247142
872,0.062468772,-1.204337031
873,0.062489231,-1.204194817
874,0.062517329,-1.203999584
875,0.062607354,-1.20337465
876,0.062611049,-1.203349018
877,0.062709365,-1.202667598
878,0.06294879,-1.201012616
879,0.063066956,-1.200198129
880,0.063145293,-1.19965902
881,0.063225503,-1.199107706
882,0.063251573,-1.198928667
883,0.063263909,-1.198843979
884,0.063405159,-1.197875404
885,0.063423017,-1.197753106
886,0.063485874,-1.1973229
887,0.063500925,-1.197219951
888,0.063545822,-1.196912998
889,0.063808104,-1.195124157
890,0.063974713,-1.193991656
891,0.064085954,-1.193237144
892,0.064216779,-1.192351484
893,0.064312975,-1.191701401
894,0.064469116,-1.190648283
895,0.064559884,-1.190037256
896,0.064617255,-1.189651497
897,0.064684096,-1.189202487
898,0.064715742,-1.188990064
899,0.064724935,-1.188928377
900,0.064741932,-1.188814343
901,0.064829144,-1.188229713
902,0.064834097,-1.188196535
903,0.064845126,-1.188122662
904,0.064901661,-1.187744188
905,0.065169164,-1.185957849
906,0.065285874,-1.185180775
907,0.06533103,-1.184880492
908,0.065332464,-1.184870962
909,0.065378289,-1.184566452
910,0.065615518,-1.182993435
911,0.065664815,-1.182667278
912,0.065936348,-1.180875112
913,0.065988074,-1.180534547
914,0.066021748,-1.18031298
915,0.066101764,-1.179786952
916,0.066142152,-1.179521682
917,0.066196877,-1.179162501
918,0.066208808,-1.179084233
919,0.066720138,-1.175743067
920,0.066940802,-1.174309087
921,0.066974757,-1.174088854
922,0.067421101,-1.171204159
923,0.067854694,-1.168420106
924,0.068186183,-1.16630362
925,0.068305968,-1.16554135
926,0.068725182,-1.162884104
927,0.069703956,-1.156742572
928,0.069970826,-1.155083002
929,0.07011088,-1.154214584
930,0.070123722,-1.154135039
931,0.070922615,-1.149215263
932,0.071111543,-1.148059895
933,0.071117922,-1.148020943
934,0.071512471,-1.145618213
935,0.071554982,-1.145360124
936,0.071591511,-1.145138468
937,0.071787674,-1.14395012
938,0.071832073,-1.1436816
939,0.071842949,-1.143615848
940,0.074389857,-1.128486275
941,0.075035616,-1.124732547
942,0.075254038,-1.123470192
943,0.075287063,-1.123279646
944,0.075561683,-1.121698375
945,0.075918598,-1.11965182
946,0.077006489,-1.113472678
947,0.077375245,-1.111397962
948,0.077431559,-1.111081995
949,0.077968974,-1.108078178
950,0.07834967,-1.105962826
951,0.078541145,-1.104902774
952,0.078658084,-1.104256635
953,0.07931486,-1.100645437
954,0.079721772,-1.098423057
955,0.080237309,-1.095623644
956,0.080853486,-1.092301253
957,0.080860834,-1.092261786
958,0.083006153,-1.080889713
959,0.083426658,-1.078695154
960,0.085435646,-1.06836089
961,0.087522171,-1.057881916
